"","L","X","V","L_3","X_3","V_3","Porcentaje 1","Porcentaje 2","Rank1","Rank2","Tendencia_L","Tendencia_V","Victoria"
"1",0,0,1,0,0,1,63,13,9,20,60,30,"X"
"2",1,3,1,0,3,0,50,23,5,17,80,40,"X"
"3",0,1,4,0,1,2,19,58,10,1,70,100,"1"
"4",0,4,1,0,2,1,63,14,4,6,40,20,"1"
"5",1,1,3,1,1,1,39,28,11,13,85,45,"2"
"6",4,1,0,3,0,0,87,5,2,19,30,5,"1"
"7",2,2,1,2,1,0,52,20,7,18,60,20,"1"
"8",2,2,1,1,2,0,56,20,3,15,65,40,"1"
"9",2,1,1,2,1,0,45,28,3,7,90,90,"1"
"10",0,0,2,0,0,2,36,35,5,1,45,95,"X"
"11",1,1,3,1,1,1,49,23,9,19,60,0,"X"
"12",2,0,3,1,0,2,49,24,18,21,0,40,"1"
"13",2,0,3,2,0,1,50,22,2,8,40,55,"1"
"14",2,0,3,2,0,1,47,25,6,13,40,30,"1"
"15",0,4,1,0,2,1,33,36,15,9,5,85,"X"
"16",0,3,2,0,1,2,28,41,11,4,65,55,"1"
"17",0,2,3,0,2,1,35,36,19,17,35,10,"2"
"18",4,0,1,2,0,1,70,13,2,8,80,95,"1"
"19",1,1,3,1,1,1,44,25,13,14,45,30,"X"
"20",1,1,0,1,1,0,26,43,20,10,45,55,"2"
"21",2,0,3,0,0,3,14,69,12,1,40,60,"1"
"22",1,0,4,1,0,2,32,39,16,5,40,70,"2"
"23",3,1,1,3,0,0,38,32,6,7,0,25,"X"
"24",2,1,2,2,1,0,40,31,12,8,30,70,"X"
"25",1,2,0,1,2,0,44,25,7,11,60,0,"X"
"26",1,1,3,1,1,1,51,23,2,3,90,80,"1"
"27",0,3,2,0,1,2,41,30,14,1,75,70,"1"
"28",1,2,2,0,2,1,30,40,22,6,30,35,"X"
"29",0,0,5,0,0,3,38,31,15,8,50,80,"X"
"30",2,0,3,1,0,2,70,14,1,3,70,80,"1"
"31",2,1,2,2,0,1,31,40,18,10,10,50,"2"
"32",0,0,2,0,0,2,20,53,20,4,40,80,"2"
"33",0,2,3,0,1,2,39,31,17,7,15,15,"X"
"34",2,2,1,0,2,1,40,30,16,9,30,80,"1"
"35",2,3,0,0,3,0,39,32,11,6,60,95,"2"
"36",5,0,0,3,0,0,73,9,2,13,70,55,"2"
"37",0,2,3,0,2,1,33,34,22,10,25,35,"2"
"38",1,3,1,0,2,1,42,27,16,5,30,60,"2"
"39",0,2,3,0,1,2,58,19,2,1,80,60,"2"
"40",1,2,2,1,1,1,45,26,8,15,55,40,"X"
"41",0,0,1,0,0,1,30,40,20,6,35,50,"2"
"42",1,1,3,1,1,1,53,20,11,12,50,15,"1"
"43",0,2,3,0,0,3,33,34,11,5,70,65,"1"
"44",1,0,0,1,0,0,34,38,19,14,40,NA,"X"
"45",3,2,0,1,2,0,58,18,3,8,60,80,"1"
"46",1,1,3,1,1,1,30,41,6,2,100,40,"2"
"47",3,0,2,2,0,1,64,16,4,17,50,30,"1"
"48",3,2,0,2,1,0,37,32,13,12,65,75,"X"
"49",0,2,3,0,2,1,46,24,15,16,60,25,"1"
"50",3,0,2,2,0,1,50,22,7,20,30,10,"X"
"51",0,3,2,0,1,2,38,29,19,14,20,30,"X"
"52",0,3,0,0,3,0,47,25,5,18,80,55,"X"
"53",1,2,2,0,2,1,38,33,12,9,70,55,"1"
"54",2,1,0,2,1,0,46,27,1,10,80,10,"1"
"55",2,2,1,1,1,1,39,30,15,11,45,65,"2"
"56",1,1,1,1,1,1,51,21,4,17,80,20,"2"
"57",0,2,3,0,1,2,34,37,9,4,70,0,"X"
"58",2,1,2,0,1,2,20,57,19,3,60,50,"X"
"59",0,0,5,0,0,3,11,73,12,1,20,90,"2"
"60",1,4,0,1,2,0,76,8,2,17,60,10,"1"
"61",2,2,1,0,2,1,51,22,7,15,50,95,"1"
"62",2,1,2,1,0,2,33,34,16,6,25,50,"X"
"63",2,2,1,1,2,0,39,31,18,13,30,55,"1"
"64",2,1,2,1,0,2,30,40,19,5,5,35,"2"
"65",0,0,1,0,0,1,55,20,6,10,20,50,"1"
"66",0,2,3,0,2,1,42,27,16,7,65,70,"1"
"67",1,0,4,1,0,2,40,29,20,11,20,25,"1"
"68",2,1,2,1,1,1,40,32,17,1,65,70,"1"
"69",1,1,3,0,1,2,31,39,22,4,10,100,"1"
"70",2,1,2,1,1,1,42,28,13,12,30,45,"2"
"71",0,5,0,0,3,0,39,31,17,5,80,25,"1"
"72",0,1,4,0,1,2,33,35,15,10,20,60,"1"
"73",0,1,4,0,0,3,25,51,4,2,30,70,"2"
"74",4,1,0,2,1,0,73,10,3,14,70,45,"1"
"75",3,0,2,2,0,1,87,4,1,20,70,30,"1"
"76",2,1,2,0,1,2,47,25,9,6,95,100,"1"
"77",2,2,1,0,1,2,34,35,18,7,35,55,"1"
"78",1,1,3,0,1,2,48,24,12,14,50,80,"2"
"79",2,2,1,2,0,1,48,24,3,10,45,60,"2"
"80",3,1,1,1,1,1,47,24,13,20,65,5,"X"
"81",1,1,3,0,1,2,40,31,16,6,50,35,"1"
"82",0,1,4,0,0,3,25,48,21,2,55,75,"X"
"83",2,0,3,1,0,2,44,29,5,1,55,45,"2"
"84",2,1,2,1,1,1,36,37,6,3,65,70,"1"
"85",0,3,2,0,1,2,47,24,7,10,80,55,"1"
"86",0,3,2,0,2,1,42,30,9,14,25,0,"X"
"87",1,1,3,0,1,2,37,28,12,18,15,60,"2"
"88",2,1,2,1,1,1,53,19,15,20,20,45,"1"
"89",2,2,1,1,2,0,71,10,4,16,60,50,"1"
"90",0,3,2,0,2,1,26,43,17,8,10,50,"1"
"91",3,1,1,2,1,0,83,6,2,19,30,60,"1"
"92",2,0,3,1,0,2,44,29,17,6,60,85,"1"
"93",2,1,2,2,0,0,44,24,8,19,35,10,"1"
"94",2,1,1,1,1,1,48,26,4,5,50,25,"2"
"95",0,2,3,0,1,2,42,27,20,16,25,50,"X"
"96",0,3,1,0,2,1,40,30,1,2,15,75,"1"
"97",1,2,2,1,1,1,35,36,15,10,40,20,"1"
"98",4,0,1,2,0,1,59,14,4,9,80,80,"1"
"99",1,2,2,1,1,1,32,38,20,12,25,80,"1"
"100",2,3,0,2,1,0,71,12,2,17,80,20,"1"
"101",1,1,3,1,0,2,40,29,18,7,20,40,"1"
"102",4,0,1,2,0,1,75,10,1,14,80,60,"1"
"103",1,2,2,0,2,1,43,28,5,6,15,50,"X"
"104",1,1,1,1,1,1,56,19,13,19,80,50,"X"
"105",0,2,3,0,0,3,47,25,18,17,60,25,"1"
"106",1,0,4,0,0,3,32,40,20,2,45,85,"1"
"107",0,0,3,0,0,3,33,37,8,4,60,50,"2"
"108",1,0,4,1,0,2,46,23,10,7,80,75,"X"
"109",1,0,3,1,0,2,33,39,9,3,30,20,"1"
"110",1,0,3,1,0,2,35,35,15,5,40,85,"1"
"111",1,2,2,1,1,1,28,39,10,15,20,55,"2"
"112",3,0,2,2,0,1,40,30,17,12,60,70,"1"
"113",1,2,2,1,1,1,1,14,3,13,40,40,"1"
"114",0,2,3,0,1,2,23,50,20,6,40,55,"X"
"115",1,2,2,1,0,2,36,35,11,7,10,65,"2"
"116",4,1,0,2,1,0,43,27,18,9,35,50,"X"
"117",1,1,3,0,1,2,31,40,19,5,55,60,"X"
"118",1,1,2,1,1,1,36,33,7,8,70,40,"1"
"119",2,3,0,2,1,0,38,31,16,12,55,30,"1"
"120",2,0,0,2,0,0,33,38,20,4,10,70,"X"
"121",0,1,1,0,1,1,45,27,10,6,95,85,"1"
"122",2,0,0,2,0,0,33,35,18,11,25,85,"2"
"123",2,0,1,2,0,1,45,26,2,5,85,40,"X"
"124",0,2,3,0,1,2,27,45,22,3,5,50,"X"
"125",2,2,1,1,1,1,45,27,18,17,10,55,"1"
"126",3,0,2,2,0,1,39,28,8,9,25,50,"2"
"127",1,2,2,1,1,1,43,28,19,20,55,55,"1"
"128",1,0,4,1,0,2,44,28,11,12,25,60,"1"
"129",0,3,2,0,2,1,42,28,15,14,35,50,"2"
"130",3,2,0,2,1,0,76,9,1,13,90,40,"1"
"131",2,2,1,2,1,0,52,20,6,16,65,25,"2"
"132",2,2,1,1,2,0,43,29,10,5,5,55,"1"
"133",1,0,0,1,0,0,51,22,18,9,15,30,"1"
"134",1,2,2,0,1,2,39,31,13,10,80,70,"2"
"135",3,1,0,2,1,0,34,36,15,4,40,85,"2"
"136",1,1,1,1,1,1,41,28,7,11,70,0,"1"
"137",1,1,3,0,1,2,33,37,22,17,10,80,"1"
"138",3,2,0,1,2,0,51,22,6,8,55,55,"1"
"139",1,1,0,1,1,0,42,29,10,16,10,30,"1"
"140",1,3,1,1,1,1,51,20,14,19,75,10,"1"
"141",0,0,0,0,0,0,44,25,18,7,50,85,"2"
"142",2,0,3,1,0,2,51,22,4,17,90,45,"X"
"143",2,2,1,1,1,1,34,39,11,6,85,20,"X"
"144",0,0,0,0,0,0,39,30,8,3,35,80,"X"
"145",1,2,2,0,1,2,38,30,9,5,85,70,"1"
"146",1,3,0,1,2,0,39,33,22,15,20,45,"2"
"147",2,1,2,1,0,2,32,38,20,1,50,60,"1"
"148",3,1,1,2,0,1,38,33,21,11,50,75,"X"
"149",1,3,1,1,1,1,50,24,3,14,70,20,"1"
"150",0,2,2,0,1,2,58,17,18,17,25,20,"1"
"151",1,1,1,1,1,1,41,31,13,4,60,75,"X"
"152",0,0,1,0,0,1,51,19,5,9,90,40,"X"
"153",1,0,0,1,0,0,46,24,20,22,5,15,"X"
"154",3,1,1,1,1,1,47,26,1,10,30,40,"1"
"155",1,3,1,0,3,0,47,22,6,12,40,90,"1"
"156",0,0,4,0,0,3,33,37,15,8,30,90,"2"
"157",2,0,2,2,0,1,47,28,7,2,35,80,"1"
"158",2,1,1,1,1,1,59,18,7,19,40,75,"1"
"159",0,1,4,0,0,3,17,61,18,2,40,100,"1"
"160",1,2,2,0,2,1,39,31,15,10,55,50,"X"
"161",1,2,2,1,1,1,31,35,8,9,70,40,"1"
"162",1,1,3,1,0,2,41,30,13,6,70,45,"2"
"163",0,0,1,0,0,1,34,34,20,16,40,15,"1"
"164",4,0,1,3,0,0,55,21,5,11,40,15,"X"
"165",1,1,3,0,1,2,30,42,14,3,40,75,"1"
"166",2,2,1,1,1,1,31,42,18,14,10,15,"2"
"167",3,0,2,2,0,1,40,29,11,7,65,75,"2"
"168",0,2,1,0,2,1,48,25,2,4,85,65,"X"
"169",1,1,3,1,1,1,40,33,12,1,55,50,"1"
"170",2,2,1,1,1,1,56,18,3,16,50,55,"1"
"171",2,2,1,1,1,1,63,13,5,20,60,20,"1"
"172",1,0,4,1,0,2,55,20,7,15,60,60,"X"
"173",0,2,3,0,2,1,38,33,18,14,50,40,"1"
"174",4,1,0,3,0,0,74,11,1,10,60,25,"1"
"175",1,0,4,0,0,3,38,32,17,4,5,40,"1"
"176",0,1,4,0,1,2,43,29,9,5,55,45,"X"
"177",2,2,1,1,1,1,39,31,16,13,65,70,"1"
"178",0,1,0,0,1,0,56,20,6,20,40,65,"2"
"179",2,2,1,1,1,1,41,31,11,3,30,50,"2"
"180",2,1,2,1,1,1,40,31,5,4,55,80,"1"
"181",1,3,1,1,2,0,49,24,12,19,50,35,"1"
"182",1,1,1,1,1,1,26,44,20,3,15,70,"X"
"183",3,0,1,2,0,1,25,47,21,6,75,85,"X"
"184",1,1,1,1,1,1,41,33,1,2,30,70,"1"
"185",0,0,1,0,0,1,53,22,19,11,20,40,"X"
"186",2,1,0,2,1,0,54,20,7,6,75,90,"1"
"187",0,0,3,0,0,3,36,37,22,12,40,75,"2"
"188",2,0,1,2,0,1,44,29,9,17,90,40,"1"
"189",1,1,2,1,0,2,59,17,10,18,35,0,"1"
"190",1,1,3,1,1,1,39,31,14,13,15,50,"1"
"191",2,1,2,1,0,2,59,16,8,20,80,30,"1"
"192",1,2,2,0,1,2,50,25,2,5,40,70,"1"
"193",1,2,2,1,0,2,26,51,5,2,55,50,"X"
"194",1,3,1,1,1,1,44,26,18,16,35,70,"1"
"195",0,2,3,0,1,2,19,57,7,1,70,90,"2"
"196",1,1,3,1,1,1,45,27,14,13,30,35,"1"
"197",3,0,2,2,0,1,42,31,4,9,0,50,"1"
"198",2,2,1,1,1,1,36,35,11,8,50,50,"X"
"199",2,1,2,0,1,2,40,32,20,15,70,80,"2"
"200",1,3,1,1,1,1,45,27,10,17,35,30,"1"
"201",2,1,2,1,1,1,46,26,3,6,60,0,"1"
"202",1,1,1,1,1,1,38,29,7,2,55,75,"X"
"203",1,0,4,1,0,2,35,36,6,4,45,85,"2"
"204",1,1,3,1,0,2,31,39,14,3,30,60,"2"
"205",0,3,2,0,2,1,36,32,20,19,20,25,"1"
"206",0,0,1,0,0,1,29,46,12,1,40,80,"X"
"207",2,2,1,1,1,1,48,23,7,17,40,55,"1"
"208",2,1,2,2,1,0,31,37,13,8,80,35,"X"
"209",2,1,2,2,0,1,29,44,9,4,80,10,"2"
"210",0,2,3,0,0,3,16,65,5,1,90,100,"2"
"211",5,0,0,3,0,0,53,21,11,20,25,30,"2"
"212",1,3,1,1,1,1,65,15,2,6,90,90,"1"
"213",3,1,1,1,1,1,51,19,15,19,40,30,"X"
"214",3,0,2,2,0,1,43,27,14,18,45,30,"2"
"215",0,3,2,0,2,1,63,14,5,15,60,40,"1"
"216",5,0,0,3,0,0,43,29,12,1,25,70,"X"
"217",1,2,1,1,1,1,46,23,11,8,65,70,"1"
"218",0,3,2,0,1,2,49,23,7,10,70,80,"2"
"219",3,2,0,1,2,0,30,38,21,2,30,65,"2"
"220",3,2,0,3,0,0,54,19,3,6,30,70,"X"
"221",3,1,1,2,0,1,56,21,3,19,75,70,"1"
"222",1,0,4,0,0,3,55,20,12,4,55,50,"2"
"223",2,1,2,2,0,1,34,37,17,10,55,30,"2"
"224",1,0,4,1,0,2,21,55,9,1,55,100,"2"
"225",3,0,2,2,0,1,53,22,6,14,0,100,"1"
"226",0,3,2,0,2,1,49,22,7,11,40,75,"2"
"227",0,1,0,0,1,0,61,16,5,20,55,45,"1"
"228",1,0,4,1,0,2,21,54,13,2,25,55,"2"
"229",1,0,0,1,0,0,50,23,22,18,10,0,"X"
"230",0,1,4,0,1,2,65,15,4,10,90,100,"2"
"231",2,2,1,0,2,1,47,25,6,8,90,25,"2"
"232",1,2,2,1,1,1,63,16,1,19,70,50,"1"
"233",1,0,0,1,0,0,57,19,11,12,40,50,"2"
"234",3,1,1,2,1,0,50,22,5,15,80,50,"1"
"235",2,0,3,1,0,2,41,29,14,18,60,35,"X"
"236",3,1,1,1,1,1,45,25,17,13,50,15,"1"
"237",3,2,0,1,2,0,44,28,4,6,50,40,"2"
"238",2,1,2,1,0,2,36,37,9,5,25,75,"X"
"239",0,1,4,0,0,3,40,33,15,3,60,90,"X"
"240",3,0,2,2,0,1,55,20,8,12,60,40,"2"
"241",1,1,1,1,1,1,32,37,20,7,20,20,"X"
"242",2,1,2,2,1,0,40,32,11,16,95,5,NA
"243",0,2,1,0,2,1,20,59,11,5,70,55,"X"
"244",2,0,3,2,0,1,36,35,7,3,45,90,"X"
"245",3,2,0,3,0,0,59,19,6,12,50,20,"1"
"246",0,2,1,0,2,1,36,36,10,4,60,90,"1"
"247",1,2,2,1,1,1,33,41,16,1,10,85,"2"
"248",2,1,1,1,1,1,54,21,9,14,100,50,"1"
"249",3,1,0,2,1,0,53,22,6,19,70,60,"2"
"250",3,1,1,2,1,0,59,18,5,14,70,50,"1"
"251",2,0,3,1,0,2,38,35,10,4,20,25,"2"
"252",1,1,3,1,1,1,36,35,16,9,10,40,"1"
"253",4,1,0,3,0,0,45,26,3,13,75,70,"2"
"254",0,0,5,0,0,3,30,44,18,1,40,100,"1"
"255",1,1,3,1,0,2,43,27,7,15,30,55,"1"
"256",1,3,1,0,2,1,42,30,12,11,65,95,"X"
"257",1,2,2,1,0,2,44,30,17,8,5,30,"X"
"258",3,0,2,2,0,1,44,27,10,6,20,50,"X"
"259",4,0,1,3,0,0,52,23,4,16,50,35,"1"
"260",3,2,0,2,1,0,71,12,1,5,60,80,"1"
"261",2,1,2,1,1,1,41,26,17,7,25,55,"1"
"262",0,0,0,0,0,0,44,28,19,18,75,35,"1"
"263",0,2,3,0,1,2,40,33,9,3,65,45,"1"
"264",3,1,1,1,1,1,44,29,8,11,40,60,"2"
"265",1,2,1,1,1,1,25,49,20,15,15,65,"2"
"266",2,2,1,1,1,1,45,23,13,14,10,45,"2"
"267",1,1,1,1,1,1,25,50,11,4,65,70,"2"
"268",0,1,4,0,1,2,66,15,1,15,90,60,"1"
"269",2,2,1,2,0,1,47,26,2,5,80,60,"2"
"270",0,1,2,0,1,2,75,9,6,18,50,15,"X"
"271",2,2,1,1,2,0,46,26,17,19,0,20,"X"
"272",2,0,3,1,0,2,40,32,13,8,80,75,"2"
"273",3,1,0,2,1,0,40,32,5,17,50,90,"1"
"274",3,1,1,2,0,1,48,24,6,14,50,60,"1"
"275",0,1,4,0,1,2,44,30,11,10,70,25,"X"
"276",2,1,2,1,1,1,34,31,7,15,40,0,"1"
"277",0,3,0,0,3,0,65,14,19,20,20,10,"1"
"278",0,2,3,0,2,1,39,35,4,3,20,70,"1"
"279",0,0,5,0,0,3,28,48,9,1,75,70,"1"
"280",3,0,1,2,0,1,53,23,18,16,25,50,"X"
"281",0,2,3,0,1,2,58,21,4,1,90,95,"X"
"282",0,0,1,0,0,1,61,18,10,13,40,40,"2"
"283",2,2,1,1,1,1,20,56,19,6,30,45,"2"
"284",1,1,1,1,1,1,57,20,8,9,40,60,"1"
"285",1,1,1,1,1,1,62,17,6,8,65,60,"1"
"286",1,0,2,1,0,2,53,19,9,20,30,15,"X"
"287",1,1,0,1,1,0,28,44,2,5,100,60,"2"
"288",3,0,2,2,0,1,38,33,14,12,10,70,"2"
"289",2,3,0,2,1,0,46,27,17,19,15,55,"1"
"290",1,2,2,0,1,2,66,14,3,16,20,20,"1"
"291",0,1,0,0,1,0,39,32,13,10,60,100,"1"
"292",2,0,1,2,0,1,70,11,1,18,80,60,"1"
"293",0,4,1,0,3,0,42,30,15,22,NA,35,"X"
"294",1,3,1,1,2,0,22,50,21,4,20,80,"2"
"295",2,1,2,0,1,2,62,15,7,11,85,20,"1"
"296",2,1,2,1,0,2,28,44,20,15,20,50,"X"
"297",2,2,1,0,2,1,43,26,16,13,70,70,"1"
"298",4,1,0,3,0,0,78,8,8,9,70,50,"1"
"299",1,0,4,0,0,3,20,57,18,4,45,90,"2"
"300",2,0,3,2,0,1,27,52,3,1,30,NA,"2"
"301",2,0,3,2,0,1,40,29,11,12,70,75,"1"
"302",2,2,1,2,1,0,56,17,6,10,75,10,"1"
"303",1,1,3,1,0,2,32,37,14,1,40,85,"X"
"304",2,2,1,1,2,0,31,40,11,3,60,35,"1"
"305",3,2,0,2,1,0,42,25,6,22,80,25,"X"
"306",4,0,1,2,0,1,46,24,20,15,45,70,"X"
"307",2,2,1,2,1,0,29,43,8,5,50,100,"1"
"308",4,0,1,3,0,0,73,9,4,16,50,70,"1"
"309",0,3,2,0,1,2,35,33,18,9,60,75,"1"
"310",4,0,1,2,0,1,79,8,1,15,100,80,"1"
"311",2,0,3,2,0,1,36,30,8,5,50,70,"2"
"312",NA,NA,NA,NA,NA,NA,49,22,13,19,50,30,"1"
"313",1,0,4,1,0,2,34,36,10,7,50,60,"1"
"314",1,1,3,1,0,2,21,57,20,3,30,60,"1"
"315",0,0,5,0,0,3,16,54,11,2,70,25,"2"
"316",2,0,3,1,0,2,42,27,10,16,80,75,"1"
"317",1,0,1,1,0,1,60,17,8,19,55,10,"2"
"318",2,1,2,2,0,1,57,20,1,17,100,20,"X"
"319",1,3,1,1,2,0,41,28,22,9,50,20,"2"
"320",3,0,1,2,0,1,53,20,3,6,50,30,"2"
"321",2,3,0,1,2,0,59,16,3,7,80,70,"1"
"322",2,2,1,2,1,0,34,34,14,11,40,65,"1"
"323",0,2,3,0,2,1,24,54,5,1,95,80,"2"
"324",0,0,3,0,0,3,44,28,10,18,55,35,"1"
"325",2,2,1,1,2,0,44,28,15,13,80,50,"X"
"326",3,0,2,3,0,0,41,30,6,9,50,60,"1"
"327",4,1,0,3,0,0,73,10,2,12,80,50,"2"
"328",3,1,1,2,1,0,54,20,17,19,55,40,"1"
"329",2,0,3,0,0,3,32,35,15,9,75,20,"2"
"330",2,0,1,2,0,1,33,39,7,2,30,95,"X"
"331",1,3,1,0,2,1,41,28,16,17,40,20,"X"
"332",5,0,0,3,0,0,79,7,2,14,55,30,"1"
"333",1,0,0,1,0,0,78,7,4,20,100,30,"1"
"334",2,1,2,1,1,1,33,39,9,3,85,50,"2"
"335",2,2,1,1,1,1,32,39,10,5,40,75,"2"
"336",1,2,2,1,0,2,47,25,12,6,40,50,"2"
"337",1,0,4,0,0,3,15,66,18,1,60,65,"X"
"338",2,1,2,0,1,2,37,35,13,1,40,100,"2"
"339",0,2,1,0,2,1,54,18,11,16,5,50,"X"
"340",2,1,2,2,1,0,35,34,22,15,70,30,"1"
"341",1,2,1,1,1,1,45,23,7,8,40,15,"2"
"342",1,2,2,1,1,1,36,33,10,14,50,60,"2"
"343",3,2,0,3,0,0,67,14,2,7,75,40,"1"
"344",3,0,2,3,0,0,35,34,17,13,35,80,"2"
"345",3,1,1,2,1,0,68,13,3,16,70,65,"1"
"346",1,3,1,0,2,1,27,43,20,12,20,60,"X"
"347",2,2,1,1,1,1,62,17,5,18,80,65,"X"
"348",1,0,4,1,0,2,18,54,8,4,60,100,"2"
"349",0,2,3,0,1,2,13,69,11,1,40,50,"X"
"350",2,2,1,1,1,1,35,35,12,5,50,100,"2"
"351",3,0,2,1,1,1,42,30,19,8,60,35,"X"
"352",2,0,0,2,0,0,57,18,2,13,100,30,"1"
"353",1,2,2,1,1,1,35,33,20,9,15,40,"1"
"354",3,0,2,2,0,1,38,32,4,3,85,50,"2"
"355",2,1,2,1,1,1,52,20,17,21,25,40,"1"
"356",3,1,1,2,0,1,40,30,20,8,40,75,"1"
"357",0,3,2,0,2,1,45,26,13,15,30,50,"1"
"358",1,2,2,1,1,1,79,7,4,16,70,40,"1"
"359",0,0,5,0,0,3,34,39,6,3,60,60,"2"
"360",1,2,2,1,1,1,29,43,18,5,35,90,"X"
"361",3,1,1,2,0,1,38,29,17,7,50,90,"1"
"362",1,1,3,0,1,2,20,57,12,2,100,60,"2"
"363",1,0,4,1,0,2,40,29,17,12,25,55,"X"
"364",1,2,2,1,1,1,41,30,15,8,50,65,"X"
"365",0,4,0,0,3,0,48,24,5,1,40,100,"1"
"366",1,2,2,0,2,1,48,24,21,22,45,30,"1"
"367",2,1,0,2,1,0,34,36,6,7,60,50,"X"
"368",2,2,1,2,1,0,55,20,3,8,75,90,"1"
"369",4,0,1,2,0,1,71,11,4,1,70,50,"1"
"370",2,1,2,1,1,1,81,7,1,18,100,50,"1"
"371",1,2,2,0,1,2,33,37,17,13,60,95,"2"
"372",1,0,4,1,0,2,40,29,12,5,60,90,"1"
"373",5,0,0,3,0,0,77,8,2,9,50,50,"1"
"374",4,0,1,2,0,1,60,17,7,16,55,75,"1"
"375",2,0,3,1,0,2,34,37,19,14,15,40,"X"
"376",2,1,2,1,1,1,45,24,11,5,80,90,"2"
"377",3,1,0,2,1,0,53,22,3,15,90,60,"1"
"378",1,1,3,0,1,2,39,30,6,2,100,NA,"X"
"379",3,0,2,2,0,1,55,21,17,13,5,80,"1"
"380",3,1,0,2,1,0,53,20,20,19,45,20,"X"
"381",2,2,1,2,1,0,46,26,6,7,55,45,"1"
"382",2,3,0,2,1,0,57,16,8,12,75,15,"2"
"383",1,3,1,0,2,1,30,43,14,3,25,20,"2"
"384",2,0,3,1,0,2,45,26,15,16,60,NA,"X"
"385",2,1,2,1,0,2,40,30,13,17,20,75,"2"
"386",3,0,2,2,0,1,45,24,11,10,80,55,"1"
"387",1,1,3,1,0,2,30,44,5,4,65,55,"2"
"388",1,2,2,0,2,1,41,29,19,3,65,35,"X"
"389",3,1,1,2,1,0,29,45,21,1,25,60,"2"
"390",0,1,1,0,1,1,42,29,18,18,30,30,"1"
"391",2,2,1,1,1,1,51,22,9,22,70,10,"1"
"392",3,0,2,1,0,2,48,27,5,16,70,45,"1"
